الكلية,الدرجة,النوع,المجال
طب القاهرة,410.0,جامعة,طب
طب أسنان القاهرة,410.0,جامعة,طب أسنان
طب الإسكندرية,410.0,جامعة,طب
طب أسنان الإسكندرية,410.0,جامعة,طب أسنان
طب بور سعيد,410.0,جامعة,طب
طب عين شمس,410.0,جامعة,طب
طب أسنان عين شمس,410.0,جامعة,طب أسنان
طب طنطا,410.0,جامعة,طب
طب أسنان طنطا,410.0,جامعة,طب أسنان
طب المنصورة,410.0,جامعة,طب
طب الزقازيق,410.0,جامعة,طب
طب حلوان,410.0,جامعة,طب
طب المنوفية بشبين الكوم,410.0,جامعة,طب
طب أسنان الزقازيق,410.0,جامعة,طب أسنان
طب المنيا,410.0,جامعة,طب
طب أسنان أسيوط,410.0,جامعة,طب أسنان
طب كفر الشيخ,410.0,جامعة,طب
طب بنها,409.980288,جامعة,طب
طب فاقوس,409.960577,جامعة,طب
طب أسنان المنصورة,409.960577,جامعة,طب أسنان
طب قناة السويس بالإسماعيلية,409.960138,جامعة,طب
طب الفيوم,409.945902,جامعة,طب
طب السويس,409.940865,جامعة,طب
طب بني سويف,409.933871,جامعة,طب
طب أسنان المنيا,409.931666,جامعة,طب أسنان
طب أسيوط,409.931666,جامعة,طب
طب أسنان قناة السويس بالإسماعيلية,409.931666,جامعة,طب أسنان
طب سوهاج,409.931666,جامعة,طب
طب جنوب الوادي,409.93101,جامعة,طب
طب أسنان الفيوم,409.901442,جامعة,طب أسنان
طب أسوان,409.891806,جامعة,طب
طب أسنان بني سويف,409.891587,جامعة,طب أسنان
طب أسنان كفر الشيخ,409.881731,جامعة,طب أسنان
طب أسنان السويس,409.877862,جامعة,طب أسنان
طب أسنان جنوب الوادي,409.871875,جامعة,طب أسنان
صيدلة عين شمس,409.861143,جامعة,صيدلة
علاج طبيعي القاهرة,409.848149,جامعة,طب
صيدلة الفيوم,409.834569,جامعة,صيدلة
صيدلة القاهرة,409.795,جامعة,صيدلة
صيدلة المنصورة,409.795,جامعة,صيدلة
صيدلة بني سويف,409.775435,جامعة,صيدلة
صيدلة طنطا,409.763315,جامعة,صيدلة
صيدلة حلوان,409.74959,جامعة,صيدلة
صيدلة المنوفية,409.747547,جامعة,صيدلة
صيدلة الزقازيق,409.735484,جامعة,صيدلة
صيدلة قناة السويس بالإسماعيلية,409.726666,جامعة,صيدلة
صيدلة الإسكندرية,409.726666,جامعة,صيدلة
صيدلة المنيا,409.694471,جامعة,صيدلة
صيدلة و تصنيع دوائي كفر الشيخ,409.692501,جامعة,صيدلة
صيدلة بور سعيد,409.684615,جامعة,صيدلة
صيدلة دمنهور,409.67987,جامعة,صيدلة
صيدلة مدينة السادات,409.658334,جامعة,صيدلة
صيدلة أسيوط,409.650303,جامعة,صيدلة
صيدلة جنوب الوادي,409.621976,جامعة,صيدلة
صيدلة سوهاج,409.586058,جامعة,صيدلة
علاج طبيعي بنها,409.577443,جامعة,طب
علاج طبيعي كفر الشيخ,409.553132,جامعة,طب
علاج طبيعي بني سويف,409.531158,جامعة,طب
حاسبات و علوم البيانات الإسكندرية رياضة,409.521666,جامعة,حاسبات ومعلومات
علاج طبيعي جنوب الوادي,409.50546,جامعة,طب
هندسة سوهاج,409.248334,جامعة,هندسة
طب بيطري أسيوط,409.248334,جامعة,طب بيطري
هندسة بترول و تعدين السويس,409.160873,جامعة,هندسة بترول
طب بيطري القاهرة,408.827528,جامعة,طب بيطري
طب بيطري كفر الشيخ,408.702981,جامعة,طب بيطري
طب بيطري المنوفية,408.691081,جامعة,طب بيطري
طب بيطري المنصورة,408.669325,جامعة,طب بيطري
هندسة المنصورة,407.95,جامعة,هندسة
حاسبات و ذكاء إصطناعي القاهرة رياضة,407.95,جامعة,حاسبات ومعلومات
طب بيطري المنيا,407.95,جامعة,طب بيطري
هندسة الزقازيق,407.95,جامعة,هندسة
طب بيطري الزقازيق,407.95,جامعة,طب بيطري
هندسة كفر الشيخ,407.95,جامعة,هندسة
ألسن قناة السويس بالإسماعيلية,407.95,جامعة,ألسن
هندسة طنطا,407.95,جامعة,هندسة
الدراسات الاقتصادية و العلوم السياسة الإسكندرية,407.95,جامعة,علوم سياسية
هندسة دمياط,407.95,جامعة,هندسة
طب بيطري بنها,407.95,جامعة,طب بيطري
حاسبات ومعلومات طنطا رياضة,407.95,جامعة,حاسبات ومعلومات
هندسة جنوب الوادي,407.95,جامعة,هندسة
طب بيطري بني سويف,407.95,جامعة,طب بيطري
طب بيطري جنوب الوادي,407.95,جامعة,طب بيطري
اقتصاد و علوم سياسية القاهرة,407.95,جامعة,علوم سياسية
هندسة القاهرة,407.95,جامعة,هندسة
تكنولوجيا العلوم الصحية التطبيقية المنوفية,407.95,جامعة,طب
هندسة الإسكندرية,407.95,جامعة,هندسة
طب بيطري الإسكندرية,407.95,جامعة,طب بيطري
ألسن سوهاج,407.95,جامعة,ألسن
هندسة قناة السويس بالإسماعيلية,407.930288,جامعة,هندسة
الذكاء الاصطناعى كفر الشيخ رياضة,407.930288,جامعة,حاسبات ومعلومات
طب بيطري أسوان,407.930288,جامعة,طب بيطري
تكنولوجيا العلوم الصحية التطبيقية بني سويف,407.93,جامعة,طب
طب بيطري دمنهور,407.900721,جامعة,طب بيطري
هندسة بنها,407.896852,جامعة,هندسة
ألسن كفر الشيخ,407.890865,جامعة,ألسن
طب بيطري مدينة السادات,407.889259,جامعة,طب بيطري
هندسة عين شمس,407.883871,جامعة,هندسة
هندسة المنوفية بشبين الكوم,407.881666,جامعة,هندسة
هندسة بني سويف,407.88101,جامعة,هندسة
طب بيطري قناة السويس بالإسماعيلية,407.87,جامعة,طب بيطري
هندسة بور سعيد,407.851442,جامعة,هندسة
طب بيطري العريش,407.843704,جامعة,طب بيطري
هندسة حلوان,407.841587,جامعة,هندسة
هندسة بنها بشبرا,407.813334,جامعة,هندسة
طب بيطري مطروح,407.813334,جامعة,طب بيطري
هندسة حلوان بالمطرية,407.805741,جامعة,هندسة
طب بيطري الوادي الجديد,407.798149,جامعة,طب بيطري
هندسة الفيوم,407.798149,جامعة,هندسة
هندسة أسوان,407.778583,جامعة,هندسة
هندسة السويس,407.77172,جامعة,هندسة
هندسة أسيوط,407.77099,جامعة,هندسة
هندسة المنيا,407.751613,جامعة,هندسة
طب بيطري سوهاج,407.745,جامعة,طب بيطري
هندسة إلكترونية المنوفية بمنوف,407.745,جامعة,هندسة
حاسبات ومعلومات كفر الشيخ رياضة,407.737407,جامعة,حاسبات ومعلومات
الملاحة وتكنولوجيا الفضاء بني سويف,407.734706,جامعة,الملاحة والفضاء
حاسبات ومعلومات المنيا رياضة,407.715579,جامعة,حاسبات ومعلومات
حاسبات ومعلومات دمنهور بالنوبارية رياضة,407.685484,جامعة,حاسبات ومعلومات
تخطيط عمراني القاهرة,407.684259,جامعة,تخطيط عمراني
ألسن عين شمس,407.676666,جامعة,ألسن
هندسة الطاقة أسوان,407.676666,جامعة,هندسة
حاسبات ومعلومات عين شمس رياضة,407.608334,جامعة,حاسبات ومعلومات
علوم البترول والتعدين مطروح,407.543797,جامعة,هندسة بترول
حاسبات ومعلومات دمياط رياضة,407.147448,جامعة,حاسبات ومعلومات
حاسبات ومعلومات سوهاج رياضة,406.979389,جامعة,حاسبات ومعلومات
المصرية الصينية للتكنولوجيا قناة السويس بالإسماعيلية,406.925,جامعة,تكنولوجيا
حاسبات ومعلومات المنصورة رياضة,406.89098,جامعة,حاسبات ومعلومات
حاسبات و ذكاء إصطناعي حلوان رياضة,406.856666,جامعة,حاسبات ومعلومات
ألسن أسوان,406.841481,جامعة,ألسن
سياسة واقتصاد السويس,406.759677,جامعة,علوم سياسية
ألسن المنيا,406.583334,جامعة,ألسن
حاسبات و ذكاء إصطناعي بنها رياضة,406.468569,جامعة,حاسبات ومعلومات
سياسة واقتصاد بني سويف,406.173334,جامعة,علوم سياسية
حاسبات ومعلومات بني سويف رياضة,405.9,جامعة,حاسبات ومعلومات
علوم الإسكندرية,405.9,جامعة,علوم
علوم القاهرة,405.9,جامعة,علوم
فنون جميلة (عمارة) حلوان,405.9,جامعة,فنون جميلة
الاعاقة والتأهيل الزقازيق,405.9,جامعة,الإعاقة والتأهيل
حاسبات ومعلومات الزقازيق رياضة,405.9,جامعة,حاسبات ومعلومات
حاسبات ومعلومات الفيوم رياضة,405.9,جامعة,حاسبات ومعلومات
ألسن بني سويف,405.9,جامعة,ألسن
ألسن الأقصر,405.9,جامعة,ألسن
حاسبات ومعلومات المنوفية بشبين الكوم رياضة,405.9,جامعة,حاسبات ومعلومات
تربية (تعليم ابتدائي) بنات عين شمس,405.9,جامعة,تربية
حاسبات وذكاء اصطناعي السادات رياضة,405.840865,جامعة,حاسبات ومعلومات
حاسبات ومعلومات السويس رياضة,405.831666,جامعة,حاسبات ومعلومات
حاسبات وذكاء اصطناعي مطروح رياضة,405.78611,جامعة,حاسبات ومعلومات
علوم طنطا,405.695,جامعة,علوم
حاسبات ومعلومات قناة السويس بالإسماعيلية رياضة,405.681421,جامعة,حاسبات ومعلومات
علوم دمنهور,405.634259,جامعة,علوم
فنون جميلة (فنون) المنصورة,405.515625,جامعة,فنون جميلة
حاسبات و ذكاء إصطناعي جنوب الوادي فرع الغردقة رياضة,405.513873,جامعة,حاسبات ومعلومات
حاسبات ومعلومات أسيوط رياضة,405.446635,جامعة,حاسبات ومعلومات
حاسبات ومعلومات الأقصر رياضة,405.353334,جامعة,حاسبات ومعلومات
العالي للهندسة والتكنولوجيا التجمع الخامس,405.346909,معهد,هندسة
علوم الفيوم,405.274195,جامعة,علوم
حاسبات ومعلومات قنا رياضة,405.216666,جامعة,حاسبات ومعلومات
علوم المنصورة,405.180529,جامعة,علوم
المعهد العالى للهندسة والتكنولوجيا بالزقازيق,405.180529,معهد,هندسة
هندسة جامعة العلوم والتكنولوجيا زويل,404.983478,جامعة,هندسة
علوم كفر الشيخ,404.437696,جامعة,علوم
علوم بنات عين شمس,404.403091,جامعة,علوم
إعلام المنوفية,404.123334,جامعة,إعلام
علوم حلوان,403.85,جامعة,علوم
معهد هندسة وتكنولوجيا الطيران إمبابة جيزة بمصروفات,403.85,معهد,هندسة
الاعاقة والتأهيل بني سويف,403.85,جامعة,الإعاقة والتأهيل
المعهد العالي للهندسة بمدينة 15 مايو,403.85,معهد,هندسة
تكنولوجيا الادارة ونظم المعلومات بور سعيد,403.85,جامعة,تكنولوجيا
فنون جميلة (فنون) الإسكندرية,403.85,جامعة,فنون جميلة
علوم عين شمس,403.85,جامعة,علوم
فنون جميلة (فنون) حلوان,403.85,جامعة,فنون جميلة
علوم المنوفية بشبين الكوم,403.830288,جامعة,علوم
علوم بنها,403.830288,جامعة,علوم
علوم بني سويف,403.698732,جامعة,علوم
علوم الزقازيق,403.576666,جامعة,علوم
علوم بور سعيد,403.529688,جامعة,علوم
معهد عالي تكنولوجيا 10 رمضان فرع 6 اكتوبر هندسة بمصروفات,403.525417,معهد,هندسة
علوم قناة السويس بالإسماعيلية,403.508334,جامعة,علوم
المعهد العالى للهندسة والتكنولوجيا بطنطا,403.501179,معهد,هندسة
المعهد العالى للهندسة والتكنولوجيا بالمحلة الكبرى,403.44,معهد,هندسة
علوم السويس,403.302238,جامعة,علوم
علوم أسوان,402.893334,جامعة,علوم
علوم دمياط,402.791928,جامعة,علوم
المعهد الكندى العالى للهندسة 6 اكتوبر,402.474208,معهد,هندسة
معهد المنصورة العالى للهندسة والتكنولوجيا,402.148894,معهد,هندسة
علوم أسيوط,402.096696,جامعة,علوم
علوم العريش,402.015002,جامعة,علوم
علوم المنيا,401.829567,جامعة,علوم
عالى هندسة وتكنولوجيا بسوهاج,401.8,جامعة,هندسة
الاكاديمية الدولية لعلوم الإعلام (شعبة هندسة )6اكتوبر,401.8,جامعة,هندسة
فنون تطبيقية حلوان,401.8,جامعة,طب
فنون جميلة (فنون) أسيوط,401.8,جامعة,فنون جميلة
الاكاديمية المصرية للهندسة والتكنولوجيا المتقدمة وزارة الانتاج الحربى,401.8,جامعة,هندسة
المعهد العالي للهندسة والتكنولوجيا بدمياط الجديدة,401.8,معهد,هندسة
علوم الوادي الجديد,401.8,جامعة,علوم
المعهد العالى للهندسة بالمنيا,401.799562,معهد,هندسة
تربية طفولة مبكرة أسيوط,401.68611,جامعة,تربية
علوم جنوب الوادي,401.665961,جامعة,علوم
فنون تطبيقية دمياط,401.663334,جامعة,طب
فنون تطبيقية بنها,401.655741,جامعة,طب
معهد عالي هندسه 6 اكتوبر بمصروفات,401.595,معهد,هندسة
معهد الإسكندرية العالي للتكنولوجيا بسموحة بمصروفات,401.595,معهد,تكنولوجيا
تربية السويس,401.445192,جامعة,تربية
علوم سوهاج,401.394162,جامعة,علوم
آثار الزقازيق بصان الحجر,401.339261,جامعة,آثار
هندسة الجامعة المصرية اليابانية,401.312614,جامعة,هندسة
فنون جميلة (فنون) المنيا,401.120974,جامعة,فنون جميلة
تربية الإسكندرية,400.984745,جامعة,تربية
التكنولوجيا والتعليم الصناعي بني سويف,400.708419,جامعة,تكنولوجيا
تمريض كفر الشيخ,400.688124,جامعة,تمريض
زراعة و موارد طبيعية أسوان,400.501666,جامعة,طب
علوم الارض بني سويف,400.212903,جامعة,علوم
فنون تطبيقية بني سويف,399.75,جامعة,طب
معهد المستقبل العالى للهندسة والتكنولوجيا بالفيوم,399.75,معهد,هندسة
تمريض القاهرة,399.75,جامعة,تمريض
فنون جميلة (عمارة) الإسكندرية,399.695903,جامعة,فنون جميلة
معهد تكنولوجي عالي العاشر من رمضان شعبة (هندسة) بمصروفات,399.568727,معهد,هندسة
المعهد العالي للغات بالمنصورة,399.545,معهد,غير مصنف
فنون جميلة (فنون) الأقصر,399.493677,جامعة,فنون جميلة
أكاديمية اخبار اليوم 6 أكتوبر علوم إدارية إنجليزي,399.446297,جامعة,علوم
معهد عالي هندسة وتكنولوجيا كفر الشيخ,399.408334,معهد,هندسة
التكنولوجيا والتعليم الصناعي حلوان,399.40461,جامعة,تكنولوجيا
تربية بنات عين شمس,399.370371,جامعة,تربية
معهد الصفوة العالي هندسة وتكنولوجيا بالقليوبية,399.315689,معهد,هندسة
تربية كفر الشيخ,399.116091,جامعة,تربية
مصر العالي هندسة وتكنولوجيا منصورة,398.998334,معهد,هندسة
تربية بور سعيد,398.97468,جامعة,تربية
تمريض عين شمس,398.896782,جامعة,تمريض
معهد الدلتا العالي للهندسة والتكنولوجيا بالمنصورة,398.73252,معهد,هندسة
ع.هندسةوتكنوالعبور ك21 طريق بلبيس الصحراوى,398.71843,جامعة,هندسة
التكنولوجيا والتعليم الصناعي السويس,398.559058,جامعة,تكنولوجيا
مصر العالي بالمنصورة تجارة وحاسبات شعبة علوم الحاسب رياضة,397.7,معهد,حاسبات ومعلومات
تربية المنيا,397.7,جامعة,تربية
المعهد العالى للهندسة والتكنولوجيا بالمنوفية,397.7,معهد,هندسة
علوم جامعة العلوم والتكنولوجيا زويل,397.7,جامعة,تكنولوجيا
المعهد العالى للهندسة والتكنولوجيا بالمنزلة - الدقهلية,397.7,معهد,هندسة
تمريض طنطا,397.7,جامعة,تمريض
معهد عالي حاسبات ومعلومات مدينه الشروق شعبة علوم الحاسب بمصروفات رياضة,397.608817,معهد,حاسبات ومعلومات
تربية عين شمس,397.495,جامعة,تربية
معهد أكتوبر العالي للهندسه والتكنولوجيا م 6 اكتوبر بمصروفات,397.434259,معهد,هندسة
دار العلوم القاهرة,397.128731,جامعة,علوم
تجارة دمياط,397.105514,جامعة,تجارة
معهد عالي تكنولوجيا 10 رمضان شعبة علوم الحاسب بمصروفات رياضة,396.84795,معهد,تكنولوجيا
تربية الفيوم,396.6869,جامعة,تربية
المعهد العالى للهندسة والتكنولوجيا الحديثة بالمرج,396.675,معهد,هندسة
إعلام القاهرة,396.481681,جامعة,إعلام
تمريض المنصورة,396.255436,جامعة,تمريض
تربية الزقازيق,396.21083,جامعة,تربية
تربية (طفولة) عين شمس,396.210027,جامعة,تربية
معهد النيل العالى للهندسة والتكنولوجيا بالمنصورة,395.855,معهد,هندسة
الاهرامات العالي للهندسة والتكنولوجيا -6 اكتوبر,395.68789,معهد,هندسة
تكنولوجيا صناعة السكر والصناعات التكاملية اسيوط,395.65,جامعة,تكنولوجيا
آثار القاهرة,395.65,جامعة,آثار
تربية نوعية فنية الإسكندرية,395.58101,جامعة,تربية
معهد عالي هندسه مدينه الشروق بمصروفات,395.498149,معهد,هندسة
كلية تكنولوجيا الصناعة والطاقة ج القاهرة الجديدة التكنولوجية,395.376666,جامعة,تكنولوجيا
إعلام بني سويف,395.00463,جامعة,إعلام
تربية (طفولة) حلوان رياض أطفال,394.898334,جامعة,تربية
العالي للحاسب الآلي ونظم المعلومات الإدارية بأبي قير,394.84263,معهد,حاسبات ومعلومات
آثار الفيوم,394.761666,جامعة,آثار
معهد فني صحى الزقازيق,394.625,معهد,تمريض
معهد طيبة العالي للهندسه بالمعادى بمصروفات,394.625,معهد,هندسة
معهد فني صحى المنصوره,394.443216,معهد,تمريض
تربية طنطا,394.321297,جامعة,تربية
معهد المستقبل العالى للهندسة والتكنولوجيا بالمنصورة,394.228361,معهد,هندسة
تربية (تعليم ابتدائي) بور سعيد,394.168788,جامعة,تربية
المعهد العالى للهندسة والتكنولوجيا بكنج مريوط,394.146666,معهد,هندسة
تجارة القاهرة,394.146666,جامعة,تجارة
مصر العالي شعبة نظم معلومات إدارية المنصورة,393.6,معهد,حاسبات ومعلومات
آثار أسوان,393.6,جامعة,آثار
القاهرة العالي ش هندسية بالتجمع الاول القاهرة الجديدة,393.497939,معهد,هندسة
المعهد العالى للهندسة والتكنولوجيا ببرج العرب بالاسكندرية,393.48611,معهد,هندسة
تكنولوجيا المصايد والاسماك أسوان,393.431941,جامعة,تكنولوجيا
معهد الجزيرة العالى للهندسة والتكنولوجيا بالمقطم,393.137097,معهد,هندسة
تمريض حلوان,392.438334,جامعة,تمريض
المجمع التكنولوجى المتكامل بالاميرية,392.042059,جامعة,تكنولوجيا
تربية المنصورة,391.55,جامعة,تربية
معهد العبور العالي للهندسه والتكنولوجيا بمصروفات,391.494297,معهد,هندسة
آثار و لغات مطروح,391.481666,جامعة,آثار
ع.دولى اعلام مدينةالشروق,391.398149,جامعة,إعلام
المعهد العالى للهندسة الالكترونية بلبيس,391.322223,معهد,هندسة
معهد عالي فنون تطبيقيه 6 اكتوبر,391.151901,معهد,طب
تربية رياضية بنات حلوان بالجزيرة,391.081012,جامعة,تربية
معهد فني صحى طنطا,391.071666,معهد,تمريض
مركز التكنولوجيا المتميز بوزارة الصناعة والتجارة الخارجية,390.525,جامعة,تكنولوجيا
معهد عالي فنون تطبيقيه التجمع الخامس,390.425807,معهد,طب
زراعة القاهرة,390.251666,جامعة,زراعة
إعلام جنوب الوادي,389.860575,جامعة,إعلام
تربية بنها,389.708942,جامعة,تربية
تجارة الإسكندرية,389.377205,جامعة,تجارة
العالي حاسب وادارة ش نظم المعلومات الإدارية الزرقا دمياط,388.588013,معهد,حاسبات ومعلومات
عالي هندسة بلبيس,388.543334,معهد,هندسة
تجارة المنصورة,388.338334,جامعة,تجارة
النيل العالي للعلوم التجارية شعبة نظم منصورة,388.246273,معهد,علوم
تربية المنوفية بشبين الكوم,388.162462,جامعة,تربية
آثار دمياط,387.45,جامعة,آثار
فنى تمريض كفر الشيخ,386.561666,جامعة,تمريض
تربية (طفولة) الإسكندرية,386.522609,جامعة,تربية
أكاديمية أخبار اليوم شعبة هندسية 6 أكتوبر,386.083334,جامعة,هندسة
آثار الأقصر,386.079464,جامعة,آثار
المعهد العالي للهندسة والتكنولوجيا بالبحيرة,385.895709,معهد,هندسة
معهد الوادى العالي للهندسة و التكنولوجيا قليوبية,385.756487,معهد,هندسة
علوم ثروة سمكية و مصايد كفر الشيخ,385.4,جامعة,علوم
معهد المدينة العالي للهندسة والتكنولوجيا بشبرامنت,384.716667,معهد,هندسة
معهد الجيزة العالى للهندسة والتكنولوجيا بطموه,384.400626,معهد,هندسة
تجارة عين شمس,384.154303,جامعة,تجارة
تجارة الزقازيق,383.465933,جامعة,تجارة
آثار جنوب الوادي,383.35,جامعة,آثار
تربية مدينة السادات,383.148651,جامعة,تربية
عالي إدارة وتكنولوجيا ش علوم حاسب كفر الشيخ رياضة,382.871666,معهد,تكنولوجيا
تربية دمنهور,382.276159,جامعة,تربية
السلام العالي للهندسة والتكنولوجيا بمدينة السلام,382.200963,معهد,هندسة
معهد عالي هندسة وتكنولوجيا المنيا الجديدة,382.069407,معهد,هندسة
تربية (تعليم ابتدائي) المنصورة,381.837468,جامعة,تربية
التكنولوجيا والتعليم الصناعي سوهاج,381.733361,جامعة,تكنولوجيا
تربية (طفولة) كفر الشيخ,381.3,جامعة,تربية
آثار سوهاج,381.173992,جامعة,آثار
تربية نوعية القاهرة,381.019877,جامعة,تربية
تربية نوعية الإسكندرية,380.637546,جامعة,تربية
العالي للدراسات النوعية واللغات جيزه,380.344137,معهد,غير مصنف
تربية حلوان,379.743446,جامعة,تربية
تمريض الإسكندرية,379.728334,جامعة,تمريض
العالي للغات 6 اكتوبر,379.62963,معهد,غير مصنف
تربية طفولة مبكرة دمنهور,377.630953,جامعة,تربية
تجارة انتساب موجه المنصورة,377.615184,انتساب,تجارة
تجارة طنطا,377.2,جامعة,تجارة
تربية نوعية فنية كفر الشيخ,376.710204,جامعة,تربية
تجارة قناة السويس بالإسماعيلية,376.624861,جامعة,تجارة
تجارة كفر الشيخ,376.592593,جامعة,تجارة
تربية أسيوط,375.938461,جامعة,تربية
تربية (تعليم ابتدائي) الزقازيق,375.797369,جامعة,تربية
تمريض بني سويف,375.628334,جامعة,تمريض
تربية (طفولة) دمياط رياض أطفال,375.281313,جامعة,تربية
الأكاديميه الحديثة بالمعادى هندسة بمصروفات,374.849581,جامعة,هندسة
ثروة سمكية السويس,374.646553,جامعة,غير مصنف
تجارة و إدارة أعمال حلوان,374.52259,جامعة,تجارة
العالي للحاسبات والمعلومات شعبة نظم طنطا,374.390742,معهد,حاسبات ومعلومات
تربية طفولة مبكرة المنوفية,374.000088,جامعة,تربية
تربية طفولة مبكرة الزقازيق,373.634913,جامعة,تربية
زراعة عين شمس,373.080581,جامعة,زراعة
معهد عالي كندي تكنولوجيا هندسة ت.خامس,373.024074,معهد,هندسة
الدلتا العالي للحاسبات بالمنصورة لنظم المعلومات الإدارية,372.851124,معهد,حاسبات ومعلومات
آداب القاهرة,371.911612,جامعة,آداب
تربية (تعليم ابتدائي) الإسكندرية,371.05,جامعة,تربية
تمريض الزقازيق,370.776666,جامعة,تمريض
تربية طفولة مبكرة بور سعيد,369.639237,جامعة,تربية
تجارة بنها,369.615,جامعة,تجارة
العالي للعلوم الادارية والتجارة الخارجية نظم تجمع خامس,369.519071,معهد,علوم
تجارة بور سعيد,369.348748,جامعة,تجارة
تمريض دمنهور,368.911298,جامعة,تمريض
تجارة انتساب موجه دمياط,368.785729,انتساب,تجارة
تربية طفولة مبكرة المنصورة,368.59,جامعة,تربية
تربية (طفولة) قناة السويس بالإسماعيلية,368.345358,جامعة,تربية
العالي للحاسبات بمدينة الشروق شعبة إدارة ومحاسبة,368.299146,معهد,حاسبات ومعلومات
تربية (طفولة) السويس,368.248334,جامعة,تربية
تجارة المنوفية بشبين الكوم,368.134298,جامعة,تجارة
أكاديمية أخبار اليوم 6اكتوبر شعبة علوم حاسب رياضة,366.335,جامعة,حاسبات ومعلومات
تربية نوعية طنطا,366.103032,جامعة,تربية
معهد فني صحى بنها,365.595745,معهد,تمريض
تربية قناة السويس بالإسماعيلية,364.976802,جامعة,تربية
أقتصاد منزلى بنات عين شمس,363.945086,جامعة,غير مصنف
القاهرة العالي (علوم حاسب)قطعة2 م.خدمات البنفسج تجمع اول رياضة,363.84,معهد,حاسبات ومعلومات
تربية (طفولة) طنطا,363.445161,جامعة,تربية
تجارة السويس,361.62,جامعة,تجارة
تجارة أسوان,360.608725,جامعة,تجارة
ك.ت. فني للبصريات ابو الريش السيدة زينب,360.537399,جامعة,غير مصنف
تربية طفولة مبكرة مدينة السادات,360.29356,جامعة,تربية
تمريض المنوفية بشبين الكوم,359.411291,جامعة,تمريض
تربية (تعليم ابتدائي) الفيوم,359.082248,جامعة,تربية
معهد فني صحى بنى سويف,359.049177,معهد,تمريض
معهد عالي هندسة وتكنولوجيا العريش,359.023334,معهد,هندسة
سياحة وفنادق الإسكندرية,358.100409,جامعة,سياحة وفنادق
تربية طفولة مبكرة الإسكندرية,357.305435,جامعة,تربية
فنى تمريض طنطا,356.481786,جامعة,تمريض
تمريض بور سعيد,355.902267,جامعة,تمريض
تجارة انتساب موجه القاهرة,354.841713,انتساب,تجارة
تربية نوعية بور سعيد,354.818204,جامعة,تربية
تربية رياضية بنات بنها,353.892566,جامعة,تربية
تربية نوعية أسيوط,353.438763,جامعة,تربية
تربية (تعليم ابتدائي) كفر الشيخ,352.211756,جامعة,تربية
تجارة دمنهور,351.887684,جامعة,تجارة
زراعة المنصورة,351.444028,جامعة,زراعة
المعهد التكنولجى العالى للعلوم الصحية التطبيقية بمدينة بدر (2+2),351.411102,معهد,طب
آداب المنصورة,350.363982,جامعة,آداب
تربية طفولة مبكرة الفيوم,349.647358,جامعة,تربية
تربية (تعليم ابتدائي) عين شمس,349.616112,جامعة,تربية
تمريض المنيا,349.046666,جامعة,تمريض
تجارة بني سويف,348.868387,جامعة,تجارة
معهد فني صحى امبابة,348.432543,معهد,تمريض
معهد القناة العالى للهندسة بالسويس,348.380416,معهد,هندسة
تربية (تعليم ابتدائي) قناة السويس بالإسماعيلية,347.737018,جامعة,تربية
تربية نوعية فنية دمياط,346.849123,جامعة,تربية
سياحة وفنادق حلوان بالمنيل,345.927644,جامعة,سياحة وفنادق
آداب الفيوم,345.557578,جامعة,آداب
تربية جنوب الوادي بالغردقة,345.156996,جامعة,تربية
العالي للاعلام وفنون الاتصال 6 اكتوبر,345.015072,معهد,إعلام
ع.كندى تكنو.اعلام ت.خامس,344.628507,جامعة,إعلام
تربية جنوب الوادي,344.4,جامعة,تربية
تجارة العريش,343.979269,جامعة,تجارة
العبور العالي ك21 بطريق بلبيس شعبة اداره,343.648334,معهد,إدارة
أكاديمية باخباراليوم تكنولوجيا صحافة 6اكتوبر,342.399206,جامعة,تكنولوجيا
تربية (تعليم ابتدائي) حلوان,340.81834,جامعة,تربية
العالي للدراسات المتطوره بالهرم لنظم المعلومات الإدارية,340.026666,معهد,حاسبات ومعلومات
تربية (تعليم ابتدائي) طنطا,337.813061,جامعة,تربية
تجارة انتساب موجه الإسكندرية,337.242084,انتساب,تجارة
تربية طفولة مبكرة القاهرة,336.193867,جامعة,تربية
تمريض قناة السويس بالإسماعيلية,336.063334,جامعة,تمريض
العالي للسياحه والفنادق بالسيوف بالأسكندرية لنظم المعلومات الإدارية,335.896662,معهد,حاسبات ومعلومات
معهد فني صحى الاسكندريه,335.19128,معهد,تمريض
تربية نوعية المنصورة,334.680824,جامعة,تربية
تربية نوعية عين شمس,332.935184,جامعة,تربية
المعهد الكندى العالى للادارة 6 اكتوبر,330.201049,معهد,إدارة
حقوق المنيا,328.558933,جامعة,حقوق
تجارة أسيوط,323.968334,جامعة,تجارة
تجارة و إدارة أعمال انتساب موجه حلوان,321.567104,انتساب,تجارة
دار العلوم انتساب موجه القاهرة,312.682455,انتساب,علوم
تجارة جنوب الوادي,311.144445,جامعة,تجارة
العالي الكندي تكنولوجيا إدارة تجمع خامس,310.421615,معهد,تكنولوجيا
تربية نوعية كفر الشيخ,304.427408,جامعة,تربية
تربية طفولة مبكرة مطروح,301.903626,جامعة,تربية
تجارة انتساب موجه كفر الشيخ,300.987454,انتساب,تجارة
زراعة الإسكندرية,290.301172,جامعة,زراعة
العالي الدولى للغات والترجمة تجمع خامس,289.90351,معهد,ألسن
تجارة مدينة السادات,289.57002,جامعة,تجارة
تربية نوعية دمياط,287.751666,جامعة,تربية
فنى صحي جنوب الوادي,286.792081,جامعة,تمريض
الاكاديمية الدولية للهندسة وعلوم الاعلام (شعبة ادارة الاعمال),282.227555,جامعة,هندسة
تربية (تعليم ابتدائي) المنيا,270.533871,جامعة,تربية
